<?xml version="1.0" encoding="UTF-8" ?>
<!DOCTYPE configuration
        PUBLIC "-//mybatis.org//DTD Config 3.0//EN"
        "http://mybatis.org/dtd/mybatis-3-config.dtd">
<configuration>
    <!--引入外部配置文件-->
    <properties resource="db.properties">
        <property name="username" value="root"/>
        <property name="password" value="zz123456"/>
    </properties>

    <!--给实体类取别名-->
    <typeAliases>
        <typeAlias type="com.zz.pojo.User" alias="user"></typeAlias>
    </typeAliases>

    <environments default="development">
        <environment id="development">
            <transactionManager type="JDBC"/><!--事物管理-->
            <dataSource type="POOLED">
                <property name="driver" value="${driver}"/>
                <property name="url" value="${url}}"/>
                <property name="username" value="${username}"/>
                <property name="password" value="zz123456"/>
            </dataSource>
        </environment>
    </environments>

    <!--每一个Mapper。xml需要注册-->
    <mappers>
        <mapper resource="com/zz/dao/UserMapper.xml"/>
        <!--<mapper class="com.zz.dao.UserMapper"/> -->
        <!--<package name="com.zz.dao" />-->
    </mappers>
<!--    <mappers>
        <mapper resource="org/mybatis/example/BlogMapper.xml"/>
    </mappers>-->
</configuration>