<?xml version="1.0" encoding="UTF-8" ?>
<!DOCTYPE mapper
        PUBLIC "-//mybatis.org//DTD Mapper 3.0//EN"
        "http://mybatis.org/dtd/mybatis-3-mapper.dtd">
<mapper namespace="com.zz.dao.UserMapper">
    <select id = "getUserlist" resultType = "com.zz.pojo.User">
        select * from mybatis.user
    </select>

    <select id = "getUserlike" resultType="com.zz.pojo.User">
        select * from mybatis.user where name like #{value};
    </select>

    <select id = "getUserByid" parameterType="int" resultType="com.zz.pojo.User">
        select  *from mybatis.user where id = #{id};
    </select>

    <!--对象中的属性可以直接取到-->
    <insert id = "addUser" parameterType="com.zz.pojo.User">
        insert into mybatis.user (id,name,pwd) values (#{id},#{name},#{pwd});
    </insert>

    <insert id="addUser2" parameterType="map">
        insert into mybatis.user (id,name,pwd) values (#{userid},#{username},#{userpwd});

    </insert>

    <update id = "updataUser" parameterType="com.zz.pojo.User">
        update mybatis.user set name=#{name},pwd = #{pwd} where id = #{id};
    </update>

    <delete id = "deletUser" parameterType="int">
        delete from mybatis.user where id = #{id};
    </delete>
</mapper>