<?xml version="1.0" encoding="UTF-8" ?>
<!DOCTYPE configuration
        PUBLIC "-//mybatis.org//DTD Config 3.0//EN"
        "http://mybatis.org/dtd/mybatis-3-config.dtd">
<configuration>
    <!--引入外部配置文件-->
    <properties resource="db.properties">
        <property name="username" value="root"/>
        <property name="password" value="zz123456"/>
    </properties>

    <!--日志-->
    <settings>
        <!--标准日志工厂实现-->
        <setting name="logImpl" value="STDOUT_LOGGING"/>
        <!--是否开启自动驼峰命名规则-->
        <setting name="mapUnderscoreToCamelCase" value="true"/>
        <!--默认开启全局缓存-->
        <setting name="cacheEnabled" value="true"/>
    </settings>
    <typeAliases>
        <package name="com.zz.pojo"/>
    </typeAliases>


    <environments default="development">
        <environment id="development">
            <transactionManager type="JDBC"/><!--事物管理-->
            <dataSource type="POOLED">
                <property name="driver" value="${driver}"/>
                <property name="url" value="${url}}"/>
                <property name="username" value="${username}"/>
                <property name="password" value="zz123456"/>
            </dataSource>
        </environment>
    </environments>

    <!--每一个Mapper。xml需要注册-->
    <!--每一个Mapper。xml需要注册-->
    <mappers>
        <mapper class="com.zz.dao.UserMapper"/>
    </mappers>
<!--    <mappers>
        <mapper resource="org/mybatis/example/BlogMapper.xml"/>
    </mappers>-->
</configuration>