<?xml version="1.0" encoding="UTF-8" ?>
<!DOCTYPE configuration
        PUBLIC "-//mybatis.org//DTD Config 3.0//EN"
        "http://mybatis.org/dtd/mybatis-3-config.dtd">
<configuration>
    <environments default="development">
        <environment id="development">
            <transactionManager type="JDBC"/><!--事物管理-->
            <dataSource type="POOLED">
                <property name="driver" value="com.mysql.jdbc.Driver"/>
                <property name="url" value="jdbc:mysql://localhost:3306/mybatis?useSSL=false&amp;useUnicode=true&amp;characterEncoding=utf-8"/>
                <property name="username" value="root"/>
                <property name="password" value="zz123456"/>
            </dataSource>
        </environment>
    </environments>

    <!--每一个Mapper。xml需要注册-->
    <mappers>
        <mapper resource="com/zz/dao/UserMapper.xml"/>
    </mappers>
<!--    <mappers>
        <mapper resource="org/mybatis/example/BlogMapper.xml"/>
    </mappers>-->
</configuration>