<?xml version="1.0" encoding="UTF-8"?>
<beans xmlns="http://www.springframework.org/schema/beans"
       xmlns:xsi="http://www.w3.org/2001/XMLSchema-instance"
       xmlns:aop="http://www.springframework.org/schema/aop"
       xmlns:tx="http://www.springframework.org/schema/tx"
       xsi:schemaLocation="http://www.springframework.org/schema/beans
        https://www.springframework.org/schema/beans/spring-beans.xsd
        http://www.springframework.org/schema/aop
        https://www.springframework.org/schema/aop/spring-aop.xsd
        http://www.springframework.org/schema/tx
        https://www.springframework.org/schema/tx/spring-tx.xsd">
    <!--DataSource数据源：代替之前的mybatis的数据源
    目前流行的数据源实现有dbcp、c3p0和Proxool等，实现了连接池功能-->
    <bean id="dataSource" class="org.springframework.jdbc.datasource.DriverManagerDataSource">
        <property name="driverClassName" value="com.mysql.jdbc.Driver"/>
        <property name="url" value="jdbc:mysql://localhost:3306/mybatis?useSSL=false&amp;useUnicode=true&amp;characterEncoding=utf-8
"/>
        <property name="username" value="root"/>
        <property name="password" value="zz123456"/>
    </bean>

    <!--sqlSessionFactory-->
    <bean id="sqlSessionFactory" class="org.mybatis.spring.SqlSessionFactoryBean">
        <property name="dataSource" ref="dataSource"/>
        <property name="configLocation" value="classpath:mybatis-config.xml"/>
        <property name="mapperLocations" value="classpath:com/zz/dao/*.xml"/>

    </bean>

    <!--SqlSessionTemplate:就是我们使用的Sqlsession-->
    <bean id="sqlSession" class="org.mybatis.spring.SqlSessionTemplate">
        <constructor-arg name="sqlSessionFactory" ref="sqlSessionFactory"/>
    </bean>

<!--    <bean id="userMapper" class="com.zz.dao.UserMapperImpl">-->
<!--        <property name="sqlSession" ref="sqlSession"/>-->
<!--    </bean>-->
<!--    <bean id="userMapper2" class="com.zz.dao.UserMapperImpl2">-->
<!--        <property name="sqlSessionFactory" ref="sqlSessionFactory"/>-->
<!--    </bean>-->

    <!--配置声明式事务-->
    <bean id="transactionManager" class="org.springframework.jdbc.datasource.DataSourceTransactionManager">
        <constructor-arg ref="dataSource" />
    </bean>

    <!--结合Aop实现事务的织入-->
    <!--配置事务通知-->
    <tx:advice id="txAdvice" transaction-manager="transactionManager">
        <!--给哪些事务配置事务-->
        <tx:attributes>
            <tx:method name="add" propagation="REQUIRED"/>
            <tx:method name="delete"/>
            <tx:method name="update"/>
            <tx:method name="query" read-only="true"/>
            <tx:method name="*"/>
        </tx:attributes>
    </tx:advice>
    <!--配置事务切入-->
    <aop:config>
        <aop:pointcut id="txPoinCut" expression="execution(* com.zz.dao.*.*(..))"/>
        <aop:advisor advice-ref="txAdvice" pointcut-ref="txPoinCut"/>
    </aop:config>

</beans>