<?xml version="1.0" encoding="UTF-8" ?>
<!DOCTYPE mapper
        PUBLIC "-//mybatis.org//DTD Config 3.0//EN"
        "http://mybatis.org/dtd/mybatis-3-mapper.dtd">
<mapper namespace="com.zz.dao.StudentMapper">
    <select id="getStudent2" resultMap="StudentTeacher2">
        select s.id sid,s.name sname,t.name tname
        from student s,teacher t where s.tid = t.id;
    </select>
    <resultMap id="StudentTeacher2" type="Student">
        <result property="id" column="sid"/>
        <result property="name" column="sname"/>
        <association property="teacher" javaType="Teacher">
            <result property="name" column="tname"/>
        </association>
    </resultMap>



    <!--================================-->
    <select id="getStudent" resultMap="StudentTeacher">
        select *from student;
    </select>
    <resultMap id="StudentTeacher" type="Student">
        <result property="id" column="id"/>
        <result property="name" column="name"/>
        <!--复杂的属性，我们需要单独处理 对象使用association 集合使用collection-->
        <association property="teacher" column="tid" javaType="Teacher" select="getTeacher"/>
    </resultMap>


    <select id="getTeacher" resultType="Teacher">
        select *from teacher where id=#{id}
    </select>

</mapper>