<?xml version="1.0" encoding="UTF-8" ?>
<!DOCTYPE mapper
        PUBLIC "-//mybatis.org//DTD Mapper 3.0//EN"
        "http://mybatis.org/dtd/mybatis-3-mapper.dtd">
<mapper namespace="com.zz.dao.UserMapper">

    <resultMap id="userlist" type="user">
        <!--column=数据库中的字段，property实体类中的属性-->
        <result column="id" property="id"/>
        <result column="name" property="name"/>
        <result column="pwd" property="password"/>
    </resultMap>

    <!--标准的日志工厂实现-->
    <select id = "getUserlist" resultMap="userlist">
        select * from mybatis.user
    </select>

    <select id = "getUserByid" parameterType="int" resultMap="userlist">
        select  *from mybatis.user where id = #{id};
    </select>

    <select id="getUserBylimit" parameterType="map" resultMap="userlist">
        select *from mybatis.user limit #{startIndex},#{pageSize}
    </select>

    <select id="getUserByRowBounds" parameterType="map" resultMap="userlist">
        select *from mybatis.user
    </select>
</mapper>