<?xml version="1.0" encoding="UTF-8"?>
<beans xmlns="http://www.springframework.org/schema/beans"
       xmlns:xsi="http://www.w3.org/2001/XMLSchema-instance"
       xmlns:aop="http://www.springframework.org/schema/aop"
       xsi:schemaLocation="http://www.springframework.org/schema/beans
        https://www.springframework.org/schema/beans/spring-beans.xsd
        http://www.springframework.org/schema/aop
        https://www.springframework.org/schema/aop/spring-aop.xsd">

    <!--注册bean-->
    <bean id="userService" class="com.zz.service.UserServiceImpl"/>
    <bean id="log" class="com.zz.log.Log"/>
    <bean id="afterlog" class="com.zz.log.Afterlog"/>

    <!--方式一：使用原生Spring API接口-->
    <!--配置aop:需要导入aop的约束-->
<!--    <aop:config>-->
<!--        &lt;!&ndash;切入点：expression：表达式 execution（要执行的位置 * * * * *）&ndash;&gt;-->
<!--        <aop:pointcut id="pointcut" expression="execution(* com.zz.service.UserServiceImpl.*(..))"/>-->
<!--        &lt;!&ndash;执行环绕增加！&ndash;&gt;-->
<!--        <aop:advisor advice-ref="log" pointcut-ref="pointcut"/>-->
<!--        <aop:advisor advice-ref="afterlog" pointcut-ref="pointcut"/>-->
<!--    </aop:config>-->

    <!--方法二：自定义类-->
    <bean id="diy" class="com.zz.diy.Diypointcut"/>
    <aop:config>
        <!--自定义切面,ref要引用的类-->
        <aop:aspect ref="diy">
            <!--切入点-->
            <aop:pointcut id="point" expression="execution(* com.zz.service.UserServiceImpl.*(..))"/>
            <!--通知-->
            <aop:before method="before" pointcut-ref="point"/>
            <aop:after method="after" pointcut-ref="point"/>
        </aop:aspect>
    </aop:config>
</beans>