<?xml version="1.0" encoding="UTF-8" ?>
<!DOCTYPE mapper
        PUBLIC "-//mybatis.org//DTD Config 3.0//EN"
        "http://mybatis.org/dtd/mybatis-3-mapper.dtd">
<mapper namespace="com.zz.dao.BlogMapper">
    <insert id="addBlog" parameterType="blog">
        insert into mybatis.blog (id,title,author,create_time,views)
        values (#{id},#{title},#{author},#{createtime},#{views});
    </insert>

    <sql id="if-title-author">
        <if test="title!=null">
            and title like #{title}
        </if>
        <if test="author!=null">
            and author = #{author}
        </if>
    </sql>

    <select id="getBolgBytitle" parameterType="map" resultType="blog">
        select *from mybatis.blog
        <where>
            <include refid="if-title-author"/>
        </where>

    </select>

    <select id="getBlogBytitle" parameterType="map" resultType="blog">
        select *from mybatis.blog
        <where>
            <choose>
                <when test="title!=null">
                    title = #{title}
                </when>
                <when test="author!=null">
                    and author = #{author}
                </when>
                <otherwise>
                    and views = #{views}
                </otherwise>
            </choose>
        </where>
    </select>

    <select id="queryBlogForeach" parameterType="map" resultType="blog">
        select *from mybatis.blog
        <where>
            <foreach collection="ids" item="id"
                     open="and (" close=")" separator="or">
                id = #{id}
            </foreach>
        </where>
    </select>

    <update id="updataBlog" parameterType="map">
        update mybatis.blog
        <set>
            <if test="title!=null">
                title = #{title},
            </if>
            <if test="author!=null">
                author = #{author},
            </if>
            <if test="views!=null">
                views = #{views}
            </if>
        </set>
        where id = #{id}
    </update>
</mapper>