<?xml version="1.0" encoding="UTF-8"?>
<beans xmlns="http://www.springframework.org/schema/beans"
       xmlns:xsi="http://www.w3.org/2001/XMLSchema-instance"
       xmlns:aop="http://www.springframework.org/schema/aop"
       xsi:schemaLocation="http://www.springframework.org/schema/beans
        https://www.springframework.org/schema/beans/spring-beans.xsd
        http://www.springframework.org/schema/aop
        https://www.springframework.org/schema/aop/spring-aop.xsd">
    <!--注册bean-->
    <bean id="userService" class="com.zz.service.UserServiceImpl"/>
    <bean id="log" class="com.zz.log.log"/>
    <bean id="afterlog" class="com.zz.log.afterlog"/>

    <!--配置aop:需要导入aop的约束-->
    <aop:config>
        <!--切入点：expression：表达式 execution（要执行的位置 * * * * *）-->
        <aop:pointcut id="pointcut" expression="execution(* com.zz.service.UserServiceImpl.*(..))"/>

        <!--执行环绕增加！-->
        <aop:advisor advice-ref="log" pointcut-ref="pointcut"/>
        <aop:advisor advice-ref="afterlog" pointcut-ref="pointcut"/>
    </aop:config>


</beans>